Workbook

Sheet MENU

Sheet GRADUATION
B2: Graduation Mini | D2: Graduation Standart | F2: ADD ON
B3: 215000 | D3: 325000
B5: 45-60 Menit | D5: 45-60 Menit | F5: 30 Menit | G5: 80000
B6: 1 Orang | D6: 1 Orang + (Orang Tua) | F6: 1 Orang | G6: 100000
B7: 5 Foto Edit | D7: 5 Foto Edit | F7: Mini Album | G7: 120000
B8: All File via Gdrive | D8: All File via Gdrive | F8: 5 Foto Edit | G8: 35000
D9: Free Extend 15 Menit | F9: Foto 8R + Frame | G9: 50000
B13: Graduation Pro | D13: Graduation Group | F13: DISCOUNT Kecuali Add On
B14: 575000 | D14: 975000
B16: 60-90 Menit | D16: 60-120 Menit | F16: Repeat Order | G16: -50000
B17: 1-3 Orang | D17: 6-10 Orang | F17: Referal Discount | G17: ="-50000"&" & "&"-25000" -> -50000 & -25000
B18: 15 Foto Edit | D18: 15 Foto Edit | F18: 8x Order | G18: ="-50%"&" All Type" -> -50% All Type
B19: All File via Gdrive | D19: All File via Gdrive
B20: Free Extend 15 Menit | D20: Free Extend 15 Menit
B21: Free 1 Mini Album | D21: Free 1 Mini Album

Sheet COUPLE
B2: Couple Mini | D2: Couple Standart | F2: ADD ON
B3: 235000 | D3: 325000
B5: 45-60 Menit | D5: 60-90 Menit | F5: 30 Menit | G5: 80000
B6: 2 Orang | D6: 2 Orang | F6: 1 Orang | G6: 100000
B7: 5 Foto Edit | D7: 5 Foto Edit | F7: Mini Album | G7: 120000
B8: All File via Gdrive | D8: All File via Gdrive | F8: 5 Foto Edit | G8: 35000
D9: Free Extend 15 Menit | F9: Foto 8R + Frame | G9: 50000
B13: Double Date | F13: DISCOUNT Kecuali Add On
B14: 615000
B16: 60-90 Menit | F16: Repeat Order | G16: -50000
B17: 2-4 Orang | F17: Referal Discount | G17: ="-50000"&" & "&"-25000" -> -50000 & -25000
B18: 15 Foto Edit | F18: 8x Order | G18: ="-50%"&" All Type" -> -50% All Type
B19: All File via Gdrive
B20: Free Extend 15 Menit
B21: Free 1 Mini Album
B22: Voucher 100rb For Next Order

Sheet PERSONAL
B2: Branding Standard | D2: Branding Pro | F2: ADD ON
B3: 225000 | D3: 475000
B5: 45-60 Menit | D5: 60-90 Menit | F5: 30 Menit | G5: 80000
B6: 1 Orang | D6: 1 Orang | F6: 1 Orang | G6: 100000
B7: 5 Foto Edit | D7: 5 Foto Edit | F7: Mini Album | G7: 120000
B8: All File via Gdrive | D8: All File via Gdrive | F8: 5 Foto Edit | G8: 35000
D9: Free Extend 15 Menit | F9: Foto 8R + Frame | G9: 50000
D10: 30-60s Video
B13: Branding Team | F13: DISCOUNT Kecuali Add On
B14: 915000
B16: 60-90 Menit | F16: Repeat Order | G16: -50000
B17: 3-6 Orang | F17: Referal Discount | G17: ="-50000"&" & "&"-25000" -> -50000 & -25000
B18: 15 Foto Edit | F18: 8x Order | G18: ="-50%"&" All Type" -> -50% All Type
B19: All File via Gdrive
B20: Free Extend 15 Menit
B21: Free 1 Mini Album Branding
B22: 60-120s Video

Sheet BEAUTY
B2: Beauty Standard | D2: Beauty Pro | F2: ADD ON
B3: 175000 | D3: 475000
B5: 45-60 Menit | D5: 60-120 Menit | F5: 30 Menit | G5: 80000
B6: 1 Orang | D6: 1-3 Orang | F6: 1 Orang | G6: 100000
B7: 5 Foto Edit | D7: 1-2 Look | F7: Mini Album | G7: 120000
B8: All File via Gdrive | D8: 15 Foto Edit | F8: 5 Foto Edit | G8: 35000
D9: All File via Gdrive | F9: Foto 8R + Frame | G9: 50000
D10: Free Extend 15 Menit
D11: 30-60s Video
F13: DISCOUNT Kecuali Add On
F16: Repeat Order | G16: -50000
F17: Referal Discount | G17: ="-50000"&" & "&"-25000" -> -50000 & -25000
F18: 8x Order | G18: ="-50%"&" All Type" -> -50% All Type

Sheet PREWEDDING
B2: Prewedding Mini | D2: Prewedding Standard | F2: ADD ON
B3: 485000 | D3: 950000
B5: 45-60 Menit | D5: 60-120 Menit | F5: 30 Menit | G5: 120000
B6: 1 Pasangan | D6: 1 Pasangan | F6: Mini Album | G6: 120000
B7: 1 Lokasi & 1 Look | D7: 2 Lokasi Berdekatan | F7: Large Album | G7: 350000
B8: 5 Foto Edit | D8: 1-2 Look | F8: Foto 8R + Frame | G8: 50000
B9: All File via Gdrive | D9: 15 Foto Edit
D10: All File via Gdrive
D11: Free Extend 15 Menit
B14: Prewedding Pro | D14: Prewedding Ultimate | F14: DISCOUNT Kecuali Add On
B15: 1800000 | D15: 3800000
B17: 60-180 Menit | D17: 60-180 Menit/Hari | F17: Repeat Order | G17: -50000
B18: 1 Pasangan | D18: 1 Pasangan | F18: Referal Discount | G18: ="-50000"&" & "&"-25000" -> -50000 & -25000
B19: 2 Lokasi Bebas | D19: 1-3 Hari | F19: 8x Order | G19: ="-50%"&" All Type" -> -50% All Type
B20: 1-2 Look | D20: Bebas Jumlah Lokasi
B21: 50 Foto Edit | D21: Bebas Jumlah Look
B22: All File via Gdrive | D22: 50 Foto Edit
B23: Free Extend 15 Menit | D23: All File via Flashdisk
B24: 1 Mini Album | D24: All File Backup Gdrive
B25: 60s Cinematic Video | D25: 1 Mini Album
D26: 1 Large Album
D27: 60s Cinematic Video
D28: 100pcs 4R
D29: Voucher 20% For Next Order

Sheet WEDDING
B2: Wedding Standard | D2: Wedding Standard | F2: ADD ON
B3: 1300000 | D3: 2400000
B5: 09.00-20.00 | D5: 09.00-20.00 | F5: 1 Jam | G5: 120000
B6: Unlimited Shoot | D6: Unlimited Shoot | F6: Mini Album | G6: 120000
B7: 1 Mini Album | D7: 1 Large Album | F7: Large Album | G7: 350000
B8: 1 Fotografer | D8: 50pcs 4R | F8: Foto 8R + Frame | G8: 50000
B9: All File via Gdrive | D9: 2 Fotografer
D10: All File via Gdrive
B14: Wedding Pro | D14: Wedding Ultimate | F14: DISCOUNT Kecuali Add On
B15: 3800000 | D15: 8200000
B17: Full Day | D17: Full Day | F17: Repeat Order | G17: -50000
B18: Unlimited Shoot | D18: Unlimited Shoot | F18: Referal Discount | G18: ="-50000"&" & "&"-25000" -> -50000 & -25000
B19: 1 Large Album | D19: 1 Ultimate Album Special | F19: 8x Order | G19: ="-50%"&" All Type" -> -50% All Type
B20: Album Magnetic | D20: 1 Mini Album
B21: 100pcs 4R | D21: Album Magnetic
B22: 2 Fotografer | D22: 100pcs 4R
B23: All File via Gdrive | D23: All File in Flashdisk
D24: All File Backup Gdrive
D25: Include Engagement Documentation
D26: 24R Foto + Frame
D27: 2 Fotografer
D28: Voucher 20% For Next Order

Sheet ENGAGEMENT
B2: Engagement Mini | D2: Engagement Standard | F2: ADD ON
B3: 550000 | D3: 920000
B5: 3 Jam | D5: 3 Jam | F5: 1 Jam | G5: 120000
B6: Unlimited Shoot | D6: Unlimited Shoot | F6: Mini Album | G6: 120000
B7: 1 Mini Album | D7: 1 Mini Album | F7: Large Album | G7: 350000
B8: 1 Fotografer | D8: 50pcs 4R | F8: Foto 8R + Frame | G8: 50000
B9: All File via Gdrive | D9: 2 Fotografer
D10: All File via Gdrive
B14: Engagement Pro | D14: Engagement Ultimate | F14: DISCOUNT Kecuali Add On
B15: 1600000 | D15: 4800000
B17: 5 Jam | D17: 8 Jam | F17: Repeat Order | G17: -50000
B18: Unlimited Shoot | D18: Unlimited Shoot | F18: Referal Discount | G18: ="-50000"&" & "&"-25000" -> -50000 & -25000
B19: 1 Large Album | D19: 1 Ultimate Album Special | F19: 8x Order | G19: ="-50%"&" All Type" -> -50% All Type
B20: Album Magnetic | D20: 1 Mini Album
B21: 100pcs 4R | D21: Album Magnetic
B22: 2 Fotografer | D22: 100pcs 4R
B23: All File via Gdrive | D23: All File in Flashdisk
D24: All File Backup Gdrive
D25: Include Wedding Standard Package
D26: 2 Fotografer
D27: Voucher 20% For Next Order

Sheet EVENT
B2: Event Standard | D2: Event Standard | F2: ADD ON
B3: 520000 | D3: 920000
B5: 3 Jam | D5: 3 Jam | F5: 1 Jam | G5: 120000
B6: Unlimited Shoot | D6: Unlimited Shoot | F6: Mini Album | G6: 120000
B7: 1 Fotografer | D7: 1 Mini Album | F7: Large Album | G7: 350000
B8: All File via Gdrive | D8: 50pcs 4R | F8: Foto 8R + Frame | G8: 50000
D9: 2 Fotografer
D10: All File via Gdrive
B14: Event Pro | D14: Event Corporate | F14: DISCOUNT Kecuali Add On
B15: 1600000 | D15: 4800000
B17: 5 Jam | D17: Full Day | F17: Repeat Order | G17: -50000
B18: Unlimited Shoot | D18: Unlimited Shoot | F18: Referal Discount | G18: ="-50000"&" & "&"-25000" -> -50000 & -25000
B19: 1 Large Album | D19: 1 Ultimate Album Special | F19: 8x Order | G19: ="-50%"&" All Type" -> -50% All Type
B20: Album Magnetic | D20: 1 Mini Album
B21: 100pcs 4R | D21: All File in Flashdisk
B22: 2 Fotografer | D22: All File Backup Gdrive
B23: All File via Gdrive | D23: 2 Fotografer
D24: Voucher 20% For Next Order

Sheet TRAVEL
B2: Travel Standard | D2: Travel Standard | F2: ADD ON
B3: 840000 | D3: 1540000
B5: 12-15 Jam | D5: 2D1N | F5: 1 Jam | G5: 120000
B6: Unlimited Shoot | D6: Unlimited Shoot | F6: Mini Album | G6: 120000
B7: 1 Fotografer | D7: 1 Mini Album | F7: Large Album | G7: 350000
B8: All File via Gdrive | D8: 50pcs 4R | F8: Foto 8R + Frame | G8: 50000
D9: 1 Fotografer
D10: All File via Gdrive
B14: Travel Pro | D14: Travel Complete | F14: DISCOUNT Kecuali Add On
B15: 2800000 | D15: 5400000
B17: 3D2N | D17: 4D3N | F17: Repeat Order | G17: -50000
B18: Unlimited Shoot | D18: Unlimited Shoot | F18: Referal Discount | G18: ="-50000"&" & "&"-25000" -> -50000 & -25000
B19: 1 Large Album | D19: 1 Ultimate Album Special | F19: 8x Order | G19: ="-50%"&" All Type" -> -50% All Type
B20: 1 Mini Album | D20: 1 Mini Album | F20: School Discount | G20: ="-30%"&" All Type" -> -30% All Type
B21: 100pcs 4R | D21: All File in Flashdisk
B22: 2 Fotografer | D22: All File Backup Gdrive
B23: All File via Gdrive | D23: 2 Fotografer
D24: Voucher 20% For Next Order

Sheet SIMULATION
B2: PACKAGE | C2: Client | D2: Stage 1 | E2: Stage 2 | F2: Stage 3 | G2: Stage 4
B3: Graduation | C3: 4 | D3: =C3*GRADUATION!B3 -> 860000 | E3: =C3*GRADUATION!D3 -> 1300000 | F3: =C3*GRADUATION!B14 -> 2300000 | G3: =4*GRADUATION!D14 -> 3900000
B4: Couple | C4: =$C$3 -> 4 | D4: =C4*COUPLE!B3 -> 940000 | E4: =C4*COUPLE!D3 -> 1300000 | F4: =C4*COUPLE!B14 -> 2460000 | G4: -
B5: Personal | C5: =$C$3 -> 4 | D5: =C5*PERSONAL!B3 -> 900000 | E5: =C5*PERSONAL!D3 -> 1900000 | F5: =C5*PERSONAL!B14 -> 3660000 | G5: -
B6: Beauty | C6: =$C$3 -> 4 | D6: =C6*BEAUTY!B3 -> 700000 | E6: =BEAUTY!D3*C6 -> 1900000 | F6: - | G6: -
B7: Prewedding | C7: =$C$3 -> 4 | D7: =C7*PREWEDDING!B3 -> 1940000 | E7: =C7*PREWEDDING!D3 -> 3800000 | F7: =C7*PREWEDDING!B15 -> 7200000 | G7: =C7*PREWEDDING!D15 -> 15200000
B8: Wedding | C8: =$C$3 -> 4 | D8: =C8*WEDDING!B3 -> 5200000 | E8: =C8*WEDDING!D3 -> 9600000 | F8: =C8*WEDDING!B15 -> 15200000 | G8: =C8*WEDDING!D15 -> 32800000
B9: Engagement | C9: =$C$3 -> 4 | D9: =C9*ENGAGEMENT!B3 -> 2200000 | E9: =C9*ENGAGEMENT!D3 -> 3680000 | F9: =C9*ENGAGEMENT!B15 -> 6400000 | G9: =C9*ENGAGEMENT!D15 -> 19200000
B10: Event | C10: =$C$3 -> 4 | D10: =C10*EVENT!B3 -> 2080000 | E10: =C10*EVENT!D3 -> 3680000 | F10: =C10*EVENT!B15 -> 6400000 | G10: =C10*EVENT!D15 -> 19200000
B11: Travel | C11: =$C$3 -> 4 | D11: =C11*TRAVEL!B3 -> 3360000 | E11: =C11*TRAVEL!D3 -> 6160000 | F11: =C11*TRAVEL!B15 -> 11200000 | G11: =C11*TRAVEL!D15 -> 21600000
B14: Row Labels | C14: Sum of Stage 1 | D14: Sum of Stage 2 | E14: Sum of Stage 3 | F14: Sum of Stage 4
B15: Beauty | C15: 700000 | D15: 1900000 | E15: 0 | F15: 0
B16: Couple | C16: 940000 | D16: 1300000 | E16: 2460000 | F16: 0
B17: Engagement | C17: 2200000 | D17: 3680000 | E17: 6400000 | F17: 19200000
B18: Event | C18: 2080000 | D18: 3680000 | E18: 6400000 | F18: 19200000
B19: Graduation | C19: 860000 | D19: 1300000 | E19: 2300000 | F19: 3900000
B20: Personal | C20: 900000 | D20: 1900000 | E20: 3660000 | F20: 0
B21: Prewedding | C21: 1940000 | D21: 3800000 | E21: 7200000 | F21: 15200000
B22: Travel | C22: 3360000 | D22: 6160000 | E22: 11200000 | F22: 21600000
B23: Wedding | C23: 5200000 | D23: 9600000 | E23: 15200000 | F23: 32800000
B24: Grand Total | C24: 18180000 | D24: 33320000 | E24: 54820000 | F24: 111900000
